Hu[1],Hu[2],Hu[3],Hu[4],Hu[5],Hu[6],Hu[7],area,perimetro,objeto,imagen
0.15941910950515875,8.355968188871181e-05,1.5767780796292857e-08,1.4533094358851771e-11,1.5393984818980748e-21,3.636053973621454e-14,6.784555674511838e-21,135190.5,1377.8935658931732,otro,C:\Users\harie\Documents\Escuela\5_semestre\vision\Proyecto\nuevo\1 (1).jpg
0.1666666666666666,0.0,3.2222116881153516e-33,1.1113342352887637e-32,6.650343444364638e-65,0.0,0.0,373321.0,2444.0,otro,C:\Users\harie\Documents\Escuela\5_semestre\vision\Proyecto\nuevo\1.jpg
0.20051700696059102,0.008406542068289346,0.0013024920940645714,0.00017645811791395003,4.106714514536301e-08,5.3546917136622075e-06,-7.395930539901062e-08,78967.5,1730.8641259670258,otro,C:\Users\harie\Documents\Escuela\5_semestre\vision\Proyecto\nuevo\4_AdobeStock_110587288.jpg
0.17669498171653975,0.003443338786030533,0.0,0.0,0.0,0.0,0.0,1017951.0,4096.0,otro,C:\Users\harie\Documents\Escuela\5_semestre\vision\Proyecto\nuevo\bimbo.jpg
0.20331937370393208,0.00102988323485084,0.000867744821961183,0.00033302970710902014,-1.131673430150556e-07,2.0854810780479158e-06,-1.3872312783167839e-07,187660.5,5225.3375524282455,otro,C:\Users\harie\Documents\Escuela\5_semestre\vision\Proyecto\nuevo\flor-fotografia-fondo-oscuro.jpg
0.1613335369098889,1.8333717752199403e-05,3.916545261612259e-05,5.2699875150220034e-08,7.436690862987145e-14,-2.2361689804038953e-10,-1.420923883611679e-14,143957.5,1731.4814413785934,otro,C:\Users\harie\Documents\Escuela\5_semestre\vision\Proyecto\nuevo\flor.jpg
0.19838689171008905,0.010607704122664992,0.0002791654352231519,2.1077590910104344e-05,-1.5548231335165387e-09,-2.1482715479061097e-06,4.434402307693397e-10,71703.0,1246.3818110227585,otro,C:\Users\harie\Documents\Escuela\5_semestre\vision\Proyecto\nuevo\lobo.jpg
